"Paper","DOI","Total Citations","TC per Year","Normalized TC"
"MACKENZIE DI, 2002, ECOLOGY","10.1890/0012-9658(2002)083[2248:ESORWD]2.0.CO;2","3108","135.13","1.94"
"MACKENZIE DI, 2003, ECOLOGY","10.1890/02-3090","1197","54.41","1.94"
"TYRE AJ, 2003, ECOL APPL","10.1890/02-5078","545","24.77","0.88"
"POWNEY GD, 2019, NAT COMMUN","10.1038/s41467-019-08974-9","361","60.17","19.82"
"ROYLE JA, 2007, ECOLOGY","10.1890/06-0669.1","320","17.78","2.81"
"MACKENZIE DI, 2004, J ANIM ECOL","10.1111/j.0021-8790.2004.00828.x","312","14.86","1.00"
"SOROYE P, 2020, SCIENCE","10.1126/science.aax8591","309","61.80","22.42"
"MACKENZIE DI, 2005, ECOLOGY","10.1890/04-1060","309","15.45","1.61"
"WOODCOCK BA, 2016, NAT COMMUN","10.1038/ncomms12459","300","33.33","10.78"
"NICHOLS JD, 2008, J APPL ECOL","10.1111/j.1365-2664.2008.01509.x","270","15.88","1.74"
"DAIL D, 2011, BIOMETRICS","10.1111/j.1541-0420.2010.01465.x","269","19.21","3.99"
"VAN STRIEN AJ, 2013, J APPL ECOL","10.1111/1365-2664.12158","261","21.75","6.79"
"ZIPKIN EF, 2009, J APPL ECOL","10.1111/j.1365-2664.2009.01664.x","248","15.50","2.56"
"ROTA CT, 2009, J APPL ECOL","10.1111/j.1365-2664.2009.01734.x","197","12.31","2.03"
"PELLET J, 2005, BIOL CONSERV","10.1016/j.biocon.2004.10.005","164","8.20","0.86"
"CHANDLER RB, 2011, ECOLOGY","10.1890/10-2433.1","161","11.50","2.39"
"O'CONNELL AF, 2006, J WILDLIFE MANAGE","10.2193/0022-541X(2006)70[1625:ESOADP]2.0.CO;2","152","8.00","2.14"
"NICHOLS JD, 2007, ECOLOGY","10.1890/06-1474","149","8.28","1.31"
"LESMEISTER DB, 2015, WILDLIFE MONOGR","10.1002/wmon.1015","142","14.20","4.96"
"GARDNER B, 2010, ECOLOGY","10.1890/09-0804.1","140","9.33","2.88"
"ROYLE JA, 2007, ECOL MONOGR","10.1890/06-0912.1","135","7.50","1.18"
"ROTA CT, 2016, METHODS ECOL EVOL","10.1111/2041-210X.12587","126","14.00","4.53"
"AHUMADA JA, 2013, PLOS ONE","10.1371/journal.pone.0073707","122","10.17","3.18"
"TOBLER MW, 2015, J APPL ECOL","10.1111/1365-2664.12399","121","12.10","4.23"
"CHEN GK, 2013, J ECOL","10.1111/1365-2745.12021","108","9.00","2.81"
"NORVELL RE, 2003, AUK","10.1642/0004-8038(2003)120[1013:ASCORA]2.0.CO;2","108","4.91","0.18"
"BURTON AC, 2012, PLOS ONE","10.1371/journal.pone.0038007","106","8.15","2.80"
"GARDNER B, 2010, J WILDLIFE MANAGE","10.2193/2009-101","105","7.00","2.16"
"BRODIE JF, 2015, CONSERV BIOL","10.1111/cobi.12337","104","10.40","3.63"
"RICH LN, 2016, J APPL ECOL","10.1111/1365-2664.12650","102","11.33","3.66"
"MOORE JE, 2005, J WILDLIFE MANAGE","10.2193/0022-541X(2005)069[0933:MPOBFR]2.0.CO;2","101","5.05","0.53"
"ZUCKERBERG B, 2011, J ANIM ECOL","10.1111/j.1365-2656.2010.01780.x","98","7.00","1.45"
"SILLETT TS, 2012, ECOL APPL","10.1890/11-1400.1","92","7.08","2.43"
"ZIPKIN EF, 2012, ECOL APPL","10.1890/11-1936.1","92","7.08","2.43"
"NARANGO DL, 2017, BIOL CONSERV","10.1016/j.biocon.2017.06.029","88","11.00","5.12"
"SAUER JR, 2002, ECOLOGY","10.2307/3071992","88","3.83","0.06"
"RICH LN, 2017, GLOBAL ECOL BIOGEOGR","10.1111/geb.12600","85","10.63","4.95"
"ZIPKIN EF, 2014, ECOLOGY","10.1890/13-1131.1","85","7.73","3.45"
"MORDECAI RS, 2011, J APPL ECOL","10.1111/j.1365-2664.2010.01921.x","85","6.07","1.26"
"FURNAS BJ, 2015, J WILDLIFE MANAGE","10.1002/jwmg.821","82","8.20","2.87"
"BLED F, 2011, ECOL APPL","10.1890/09-1877.1","81","5.79","1.20"
"ROTA CT, 2011, ECOGRAPHY","10.1111/j.1600-0587.2010.06433.x","80","5.71","1.19"
"AMUNDSON CL, 2014, AUK","10.1642/AUK-14-11.1","77","7.00","3.13"
"GARDNER B, 2009, ECOLOGY","10.1890/07-2112.1","76","4.75","0.78"
"CHANDLER RB, 2015, J APPL ECOL","10.1111/1365-2664.12481","73","7.30","2.55"
"MILLER DAW, 2012, J ANIM ECOL","10.1111/j.1365-2656.2012.02001.x","73","5.62","1.93"
"DUGGER KM, 2011, ECOL APPL","10.1890/10-2142.1","71","5.07","1.05"
"BISCHOF R, 2014, J ZOOL","10.1111/jzo.12100","70","6.36","2.84"
"SOLLMANN R, 2012, MAMM BIOL","10.1016/j.mambio.2011.06.011","68","5.23","1.80"
"SEMLITSCH RD, 2014, CAN J ZOOL","10.1139/cjz-2014-0141","66","6.00","2.68"
"FICETOLA GF, 2018, SCI REP-UK","10.1038/s41598-018-28432-8","62","8.86","3.93"
"WEARN OR, 2017, BIOL CONSERV","10.1016/j.biocon.2017.05.007","59","7.38","3.43"
"YAMAURA Y, 2011, J APPL ECOL","10.1111/j.1365-2664.2010.01922.x","59","4.21","0.87"
"PAVLACKY DC, 2012, J WILDLIFE MANAGE","10.1002/jwmg.245","58","4.46","1.53"
"TERMAAT T, 2019, DIVERS DISTRIB","10.1111/ddi.12913","57","9.50","3.13"
"GRILO C, 2011, EUR J WILDLIFE RES","10.1007/s10344-010-0478-6","57","4.07","0.84"
"VAN STRIEN AJ, 2010, BASIC APPL ECOL","10.1016/j.baae.2010.05.003","56","3.73","1.15"
"THOGMARTIN WE, 2007, LANDSCAPE ECOL","10.1007/s10980-006-9005-2","56","3.11","0.49"
"GILROY JJ, 2015, GLOBAL CHANGE BIOL","10.1111/gcb.12696","52","5.20","1.82"
"MONTERROSO P, 2020, ECOLOGY","10.1002/ecy.3059","51","10.20","3.70"
"PARSONS AW, 2019, J APPL ECOL","10.1111/1365-2664.13385","51","8.50","2.80"
"TEMPEL DJ, 2013, CONSERV BIOL","10.1111/cobi.12074","50","4.17","1.30"
"SCHMIDT JH, 2013, BIOL CONSERV","10.1016/j.biocon.2013.01.007","50","4.17","1.30"
"LEE MB, 2017, PLOS ONE","10.1371/journal.pone.0170540","49","6.13","2.85"
"RODHOUSE TJ, 2019, ECOL EVOL","10.1002/ece3.5612","47","7.83","2.58"
"DAVIES HF, 2017, DIVERS DISTRIB","10.1111/ddi.12522","47","5.88","2.73"
"FREY SJK, 2016, DIVERS DISTRIB","10.1111/ddi.12456","47","5.22","1.69"
"PILLAY R, 2011, BIOL CONSERV","10.1016/j.biocon.2011.01.026","47","3.36","0.70"
"CUSACK JJ, 2017, OIKOS","10.1111/oik.03403","46","5.75","2.68"
"ROLAND CA, 2013, ECOL MONOGR","10.1890/11-2136.1","46","3.83","1.20"
"BLED F, 2013, ECOL EVOL","10.1002/ece3.858","45","3.75","1.17"
"SARACCO JF, 2011, ECOSPHERE","10.1890/ES10-00132.1","45","3.21","0.67"
"NÚÑEZ-REGUEIRO MM, 2015, BIOL CONSERV","10.1016/j.biocon.2015.04.001","44","4.40","1.54"
"GÁLVEZ N, 2013, ORYX","10.1017/S0030605312000099","44","3.67","1.15"
"LUISELLI L, 2006, J TROP ECOL","10.1017/S0266467406003397","44","2.32","0.62"
"FIDINO M, 2021, ECOL APPL","10.1002/eap.2253","44","11.00","6.09"
"ATHREYA V, 2015, PLOS ONE","10.1371/journal.pone.0142647","42","4.20","1.47"
"PETERMAN WE, 2013, J NAT CONSERV","10.1016/j.jnc.2012.11.005","42","3.50","1.09"
"LOMBARDI JV, 2017, URBAN ECOSYST","10.1007/s11252-017-0676-z","40","5.00","2.33"
"VERAN S, 2015, ECOLOGY","10.1890/14-0183.1","40","4.00","1.40"
"GOPALASWAMY AM, 2012, ANIM CONSERV","10.1111/j.1469-1795.2012.00565.x","40","3.08","1.06"
"PELLET J, 2008, J INSECT CONSERV","10.1007/s10841-007-9075-8","40","2.35","0.26"
"CLARK DA, 2013, J WILDLIFE MANAGE","10.1002/jwmg.523","39","3.25","1.02"
"GRANT EHC, 2009, FRESHWATER BIOL","10.1111/j.1365-2427.2009.02166.x","39","2.44","0.40"
"OUTHWAITE CL, 2018, ECOL INDIC","10.1016/j.ecolind.2018.05.010","37","5.29","2.35"
"LEE DE, 2015, CONDOR","10.1650/CONDOR-14-155.1","37","3.70","1.29"
"BURTON AC, 2011, BIOL CONSERV","10.1016/j.biocon.2011.06.014","37","2.64","0.55"
"LADLE A, 2018, PLOS ONE","10.1371/journal.pone.0191730","36","5.14","2.28"
"ROSSMAN S, 2016, ECOLOGY","10.1002/ecy.1598","36","4.00","1.29"
"WHITE AM, 2016, ANIM CONSERV","10.1111/acv.12237","36","4.00","1.29"
"FARRIS ZJ, 2014, INT J PRIMATOL","10.1007/s10764-014-9786-0","36","3.27","1.46"
"CAYUELA H, 2012, FRESHWATER BIOL","10.1111/fwb.12034","36","2.77","0.95"
"BORON V, 2019, BIOL CONSERV","10.1016/j.biocon.2019.01.030","35","5.83","1.92"
"DENNIS EB, 2019, J INSECT CONSERV","10.1007/s10841-019-00135-z","35","5.83","1.92"
"BÖTSCH Y, 2018, FRONT ECOL EVOL","10.3389/fevo.2018.00175","35","5.00","2.22"
"O'NEIL ST, 2018, J APPL ECOL","10.1111/1365-2664.13249","35","5.00","2.22"
"PETRACCA LS, 2018, J APPL ECOL","10.1111/1365-2664.12972","35","5.00","2.22"
"GOAD EH, 2014, BIOL CONSERV","10.1016/j.biocon.2014.05.016","35","3.18","1.42"
"MILLS D, 2019, PLOS ONE","10.1371/journal.pone.0216447","33","5.50","1.81"
"DROUILLY M, 2018, BIOL CONSERV","10.1016/j.biocon.2018.05.013","33","4.71","2.09"
"HILEMAN ET, 2018, J WILDLIFE MANAGE","10.1002/jwmg.21345","33","4.71","2.09"
"PILLAY R, 2014, DIVERS DISTRIB","10.1111/ddi.12151","33","3.00","1.34"
"BRODIE JF, 2013, BIOL CONSERV","10.1016/j.biocon.2013.01.003","33","2.75","0.86"
"WEBBER AF, 2013, ECOL EVOL","10.1002/ece3.511","33","2.75","0.86"
"HARPER LR, 2019, FRESHWATER BIOL","10.1111/fwb.13197","32","5.33","1.76"
"VAN DER WEYDE LK, 2018, BIOL CONSERV","10.1016/j.biocon.2018.01.033","32","4.57","2.03"
"BUDY P, 2015, CONSERV BIOL","10.1111/cobi.12513","32","3.20","1.12"
"THOMSON JR, 2015, DIVERS DISTRIB","10.1111/ddi.12294","32","3.20","1.12"
"PETERMAN WE, 2014, ANIM CONSERV","10.1111/acv.12090","31","2.82","1.26"
"GREEN AW, 2013, J APPL ECOL","10.1111/1365-2664.12121","31","2.58","0.81"
"LOUVRIER J, 2018, ECOGRAPHY","10.1111/ecog.02874","30","4.29","1.90"
"DAVIS CL, 2017, ECOL APPL","10.1002/eap.1442","30","3.75","1.75"
"TINGLEY MW, 2016, METHODS ECOL EVOL","10.1111/2041-210X.12500","30","3.33","1.08"
"BOWLER DE, 2021, DIVERS DISTRIB","10.1111/ddi.13274","29","7.25","4.01"
"ARIEFIANDY A, 2013, PLOS ONE","10.1371/journal.pone.0058800","29","2.42","0.75"
"ZULIAN V, 2021, DIVERS DISTRIB","10.1111/ddi.13416","28","7.00","3.88"
"MOORE JF, 2020, ANIM CONSERV","10.1111/acv.12569","28","5.60","2.03"
"FARR MT, 2019, ECOL APPL","10.1002/eap.1845","28","4.67","1.54"
"PAOLINO RM, 2018, J MAMMAL","10.1093/jmammal/gyy075","28","4.00","1.78"
"WILLIAMS PJ, 2017, METHODS ECOL EVOL","10.1111/2041-210X.12815","28","3.50","1.63"
"LASKE SM, 2016, FRESHWATER BIOL","10.1111/fwb.12769","28","3.11","1.01"
"RODHOUSE TJ, 2015, DIVERS DISTRIB","10.1111/ddi.12372","28","2.80","0.98"
"GOIJMAN AP, 2015, PLOS ONE","10.1371/journal.pone.0130874","28","2.80","0.98"
"OTTO CRV, 2013, ECOGRAPHY","10.1111/j.1600-0587.2013.00137.x","28","2.33","0.73"
"KROLL AJ, 2010, J WILDLIFE MANAGE","10.2193/2009-429","28","1.87","0.58"
"FERREIRA GB, 2020, BIOL CONSERV","10.1016/j.biocon.2020.108762","27","5.40","1.96"
"CAVADA N, 2019, PLOS ONE","10.1371/journal.pone.0215682","27","4.50","1.48"
"VALENTE JJ, 2019, DIVERS DISTRIB","10.1111/ddi.12837","27","4.50","1.48"
"ROTA CT, 2016, ECOLOGY","10.1890/15-1193.1","27","3.00","0.97"
"FISHER JT, 2014, J WILDLIFE MANAGE","10.1002/jwmg.750","27","2.45","1.10"
"WHITEHEAD AL, 2014, BIOL CONSERV","10.1016/j.biocon.2013.11.002","27","2.45","1.10"
"PEOPLES BK, 2011, T AM FISH SOC","10.1080/00028487.2010.550237","27","1.93","0.40"
"PETERS VE, 2010, J ANIM ECOL","10.1111/j.1365-2656.2010.01699.x","27","1.80","0.56"
"FERREGUETTI AC, 2018, BIOL CONSERV","10.1016/j.biocon.2018.09.009","26","3.71","1.65"
"SMITH YCE, 2018, LANDSCAPE ECOL","10.1007/s10980-017-0580-1","26","3.71","1.65"
"MOLL RJ, 2020, ECOGRAPHY","10.1111/ecog.04762","25","5.00","1.81"
"LI ZL, 2019, LANDSCAPE ECOL","10.1007/s10980-018-0759-0","25","4.17","1.37"
"RIBEIRO JW, 2018, ECOL APPL","10.1002/eap.1741","25","3.57","1.59"
"TINGLEY MW, 2018, J ANIM ECOL","10.1111/1365-2656.12851","25","3.57","1.59"
"WANG F, 2018, DIVERS DISTRIB","10.1111/ddi.12692","25","3.57","1.59"
"HIGA M, 2015, DIVERS DISTRIB","10.1111/ddi.12255","25","2.50","0.87"
"GRAVES TA, 2020, ECOSPHERE","10.1002/ecs2.3141","24","4.80","1.74"
"FURNAS BJ, 2020, BIOL CONSERV","10.1016/j.biocon.2019.108347","24","4.80","1.74"
"SEMPER-PASCUAL A, 2019, BIOL CONSERV","10.1016/j.biocon.2019.05.050","24","4.00","1.32"
"GOMEZ JP, 2018, METHODS ECOL EVOL","10.1111/2041-210X.12856","24","3.43","1.52"
"PANTHI S, 2017, PLOS ONE","10.1371/journal.pone.0180978","24","3.00","1.40"
"SCHMIDT JH, 2015, ECOLOGY","10.1890/15-0385.1.sm","24","2.40","0.84"
"HINES JE, 2014, METHODS ECOL EVOL","10.1111/2041-210X.12186","24","2.18","0.97"
"DURSO AM, 2013, J ZOOL","10.1111/jzo.12061","24","2.00","0.62"
"LINDEN DW, 2012, FOREST ECOL MANAG","10.1016/j.foreco.2012.08.002","24","1.85","0.63"
"HUNT JW, 2012, AUK","10.1525/auk.2012.11093","24","1.85","0.63"
"ANDERSEN EM, 2019, BIOL CONSERV","10.1016/j.biocon.2019.108276","23","3.83","1.26"
"STEVENS BS, 2020, DIVERS DISTRIB","10.1111/ddi.12995","23","4.60","1.67"
"REICHERT BE, 2017, DIVERS DISTRIB","10.1111/ddi.12531","23","2.88","1.34"
"FURNAS BJ, 2017, ECOSPHERE","10.1002/ecs2.1747","23","2.88","1.34"
"MCCAFFERY R, 2016, J WILDLIFE MANAGE","10.1002/jwmg.21094","23","2.56","0.83"
"MORTELLITI A, 2015, CONSERV BIOL","10.1111/cobi.12523","23","2.30","0.80"
"CARRILLO-RUBIO E, 2014, CONSERV BIOL","10.1111/cobi.12261","23","2.09","0.93"
"LEE MB, 2014, FOREST ECOL MANAG","10.1016/j.foreco.2014.03.017","23","2.09","0.93"
"LINDEN DW, 2013, FOREST ECOL MANAG","10.1016/j.foreco.2013.08.059","23","1.92","0.60"
"MAGLE SB, 2021, GLOBAL CHANGE BIOL","10.1111/gcb.15800","23","5.75","3.18"
"KOLOWSKI JM, 2021, ECOSPHERE","10.1002/ecs2.3350","22","5.50","3.05"
"KIDWAI Z, 2019, GLOB ECOL CONSERV","10.1016/j.gecco.2019.e00687","22","3.67","1.21"
"STEVENS BS, 2019, ECOSPHERE","10.1002/ecs2.2748","22","3.67","1.21"
"SCULLY AE, 2018, J MAMMAL","10.1093/jmammal/gyy053","22","3.14","1.40"
"KELLNER KF, 2016, FOREST ECOL MANAG","10.1016/j.foreco.2016.10.008","22","2.44","0.79"
"BELANT JL, 2016, SCI REP-UK","10.1038/srep35920","22","2.44","0.79"
"VANDER YACHT AL, 2016, J WILDLIFE MANAGE","10.1002/jwmg.21097","22","2.44","0.79"
"FIGUEIRA L, 2015, BIOL CONSERV","10.1016/j.biocon.2014.12.020","22","2.20","0.77"
"MIDLANE N, 2014, BIOL CONSERV","10.1016/j.biocon.2014.02.006","22","2.00","0.89"
"D'SOUZA E, 2013, PLOS ONE","10.1371/journal.pone.0076181","22","1.83","0.57"
"O'NEIL ST, 2020, J ANIM ECOL","10.1111/1365-2656.13199","21","4.20","1.52"
"DUCLOS TR, 2019, DIVERS DISTRIB","10.1111/ddi.12968","21","3.50","1.15"
"SZEWCZYK TM, 2019, ECOGRAPHY","10.1111/ecog.04115","21","3.50","1.15"
"BLUM AG, 2018, ECOSPHERE","10.1002/ecs2.2356","21","3.00","1.33"
"FURNAS BJ, 2018, CONDOR","10.1650/CONDOR-17-165.1","21","3.00","1.33"
"HOSSACK BR, 2017, BIOL CONSERV","10.1016/j.biocon.2017.03.004","21","2.63","1.22"
"MORTELLITI A, 2016, DIVERS DISTRIB","10.1111/ddi.12444","21","2.33","0.75"
"RAMESH T, 2016, FOREST ECOL MANAG","10.1016/j.foreco.2015.10.005","21","2.33","0.75"
"BLANC L, 2014, J APPL ECOL","10.1111/1365-2664.12319","21","1.91","0.85"
"PRIOL P, 2014, ECOL EVOL","10.1002/ece3.1086","21","1.91","0.85"
"CLEMENT MJ, 2013, J WILDLIFE MANAGE","10.1002/jwmg.456","21","1.75","0.55"
"GOVINDAN BN, 2012, OIKOS","10.1111/j.1600-0706.2011.19747.x","21","1.62","0.55"
"MACCHI L, 2020, J APPL ECOL","10.1111/1365-2664.13699","20","4.00","1.45"
"KAFLEY H, 2019, BASIC APPL ECOL","10.1016/j.baae.2019.07.007","20","3.33","1.10"
"FORSYTH DM, 2019, J WILDLIFE MANAGE","10.1002/jwmg.21675","20","3.33","1.10"
"MOSHER BA, 2018, ECOL APPL","10.1002/eap.1699","20","2.86","1.27"
"FLESCHUTZ MM, 2016, BIODIVERS CONSERV","10.1007/s10531-016-1118-6","20","2.22","0.72"
"ROACH NS, 2015, WETLANDS","10.1007/s13157-015-0695-6","20","2.00","0.70"
"FISHER JT, 2014, CONSERV BIOL","10.1111/cobi.12302","20","1.82","0.81"
"LOMBARDI JV, 2020, ECOL EVOL","10.1002/ece3.6242","19","3.80","1.38"
"MCCUNE F, 2020, URBAN ECOSYST","10.1007/s11252-019-00909-y","19","3.80","1.38"
"OBEROSLER V, 2020, ANIM CONSERV","10.1111/acv.12525","19","3.80","1.38"
"EVANS BE, 2019, PLOS ONE","10.1371/journal.pone.0217543","19","3.17","1.04"
"LEPARD CC, 2019, WILDLIFE RES","10.1071/WR17181","19","3.17","1.04"
"GREEN AW, 2019, ECOL EVOL","10.1002/ece3.4822","19","3.17","1.04"
"COUTO TBD, 2018, CAN J FISH AQUAT SCI","10.1139/cjfas-2016-0388","19","2.71","1.21"
"KELLNER JR, 2017, ECOLOGY","10.1002/ecy.1847","19","2.38","1.11"
"ROSS BE, 2016, ECOSPHERE","10.1002/ecs2.1323","19","2.11","0.68"
"STEWART-KOSTER B, 2013, ECOGRAPHY","10.1111/j.1600-0587.2012.07764.x","19","1.58","0.49"
"CREGO RD, 2020, BIOL CONSERV","10.1016/j.biocon.2020.108436","18","3.60","1.31"
"BRITTAIN S, 2020, ORYX","10.1017/S0030605317001569","18","3.60","1.31"
"LI XY, 2018, DIVERS DISTRIB","10.1111/ddi.12792","18","2.57","1.14"
"BROMMER JE, 2017, ECOSPHERE","10.1002/ecs2.1947","18","2.25","1.05"
"O'DONNELL KM, 2015, PLOS ONE","10.1371/journal.pone.0117216","18","1.80","0.63"
"KIRSCH JE, 2014, T AM FISH SOC","10.1080/00028487.2014.935478","18","1.64","0.73"
"SUNDAR KSG, 2012, LANDSCAPE ECOL","10.1007/s10980-011-9666-3","18","1.38","0.48"
"MEYER NFV, 2020, MOV ECOL","10.1186/s40462-019-0186-0","17","3.40","1.23"
"O'LEARY CA, 2019, CAN J FISH AQUAT SCI","10.1139/cjfas-2018-0092","17","2.83","0.93"
"SERAFINI VN, 2019, LANDSCAPE ECOL","10.1007/s10980-019-00825-8","17","2.83","0.93"
"BEDRIÑANA-ROMANO L, 2018, DIVERS DISTRIB","10.1111/ddi.12739","17","2.43","1.08"
"LEÓN-ORTEGA M, 2017, PLOS ONE","10.1371/journal.pone.0175597","17","2.13","0.99"
"REIDY JL, 2016, LANDSCAPE ECOL","10.1007/s10980-015-0250-0","17","1.89","0.61"
"GLISSON WJ, 2015, J WILDLIFE MANAGE","10.1002/jwmg.937","17","1.70","0.59"
"KROLL AJ, 2014, FOREST ECOL MANAG","10.1016/j.foreco.2014.04.011","17","1.55","0.69"
"SUTHERLAND C, 2013, WILDLIFE RES","10.1071/WR12166","17","1.42","0.44"
"DAWSON RD, 2006, ECOSCIENCE","10.2980/1195-6860(2006)13[75:FITBFP]2.0.CO;2","17","0.89","0.24"
"MENA JL, 2020, GLOB ECOL CONSERV","10.1016/j.gecco.2020.e01079","16","3.20","1.16"
"MOS J, 2020, MAMMAL RES","10.1007/s13364-020-00513-y","16","3.20","1.16"
"RAPPAPORT DI, 2020, ECOL INDIC","10.1016/j.ecolind.2020.106172","16","3.20","1.16"
"MANENTI R, 2020, ECOGRAPHY","10.1111/ecog.04571","16","3.20","1.16"
"WRIGHT WJ, 2020, METHODS ECOL EVOL","10.1111/2041-210X.13315","16","3.20","1.16"
"VU TT, 2019, INT J PRIMATOL","10.1007/s10764-018-0073-3","16","2.67","0.88"
"TAKI H, 2018, BASIC APPL ECOL","10.1016/j.baae.2017.09.002","16","2.29","1.02"
"BAUDER JM, 2017, J HERPETOL","10.1670/15-064","16","2.00","0.93"
"FARRIS ZJ, 2017, BIOL CONSERV","10.1016/j.biocon.2016.10.025","16","2.00","0.93"
"TOZER DC, 2016, AVIAN CONSERV ECOL","10.5751/ACE-00875-110203","16","1.78","0.57"
"MARTÍNEZ-MARTÍ C, 2016, SCI REP-UK","10.1038/srep33838","16","1.78","0.57"
"LATIF QS, 2016, ECOSPHERE","10.1002/ecs2.1346","16","1.78","0.57"
"KILSHAW K, 2016, MAMMAL RES","10.1007/s13364-015-0253-x","16","1.78","0.57"
"EAKIN CJ, 2015, WILDLIFE SOC B","10.1002/wsb.566","16","1.60","0.56"
"TINGLEY MW, 2020, FOREST ECOL MANAG","10.1016/j.foreco.2019.117694","16","3.20","1.16"
"PENJOR U, 2021, LANDSCAPE ECOL","10.1007/s10980-021-01225-7","15","3.75","2.08"
"PENJOR U, 2021, ECOL INDIC","10.1016/j.ecolind.2020.107085","15","3.75","2.08"
"SEMPER-PASCUAL A, 2020, BIODIVERS CONSERV","10.1007/s10531-020-02042-1","15","3.00","1.09"
"COOPER WJ, 2020, ECOSPHERE","10.1002/ecs2.3107","15","3.00","1.09"
"SMITH MM, 2020, ECOGRAPHY","10.1111/ecog.04743","15","3.00","1.09"
"LOGGINS AA, 2019, J MAMMAL","10.1093/jmammal/gyz100","15","2.50","0.82"
"MONROE AP, 2019, ECOSPHERE","10.1002/ecs2.2791","15","2.50","0.82"
"RABELO RM, 2019, ACTA OECOL","10.1016/j.actao.2019.04.004","15","2.50","0.82"
"ROWE JC, 2019, ECOSPHERE","10.1002/ecs2.2674","15","2.50","0.82"
"STEENWEG R, 2019, ECOSPHERE","10.1002/ecs2.2639","15","2.50","0.82"
"LEASURE DR, 2019, ECOLOGY","10.1002/ecy.2538","15","2.50","0.82"
"RICH M, 2018, FRONT ECOL EVOL","10.3389/fevo.2018.00078","15","2.14","0.95"
"CECALA KK, 2018, ECOSPHERE","10.1002/ecs2.2150","15","2.14","0.95"
"MARINHO PH, 2018, MAMMAL RES","10.1007/s13364-017-0330-4","15","2.14","0.95"
"ZMIHORSKI M, 2018, AGR ECOSYST ENVIRON","10.1016/j.agee.2017.09.033","15","2.14","0.95"
"MCCAFFERY R, 2016, ECOSPHERE","10.1002/ecs2.1585","15","1.67","0.54"
"BURNETT RD, 2015, PLOS ONE","10.1371/journal.pone.0123778","15","1.50","0.52"
"HENDEN JA, 2013, PLOS ONE","10.1371/journal.pone.0063312","15","1.25","0.39"
"SAUER JR, 2013, J WILDLIFE MANAGE","10.1002/jwmg.442","15","1.25","0.39"
"IGLECIA MN, 2012, AVIAN CONSERV ECOL","10.5751/ACE-00551-070205","15","1.15","0.40"
"HENNENLAN C, 2007, J WILDLIFE MANAGE","10.2193/2006-013","15","0.83","0.13"
"JONES HH, 2021, GLOB ECOL CONSERV","10.1016/j.gecco.2021.e01922","14","3.50","1.94"
"DIAS DD, 2020, BIOL CONSERV","10.1016/j.biocon.2020.108796","14","2.80","1.02"
"PHUMANEE W, 2020, ECOSPHERE","10.1002/ecs2.3208","14","2.80","1.02"
"CURVEIRA-SANTOS G, 2021, J APPL ECOL","10.1111/1365-2664.13726","14","3.50","1.94"
"PETRACCA LS, 2020, ANIM CONSERV","10.1111/acv.12555","14","2.80","1.02"
"MARESCOT L, 2020, ECOGRAPHY","10.1111/ecog.04536","14","2.80","1.02"
"MACLEAN SA, 2018, GLOBAL CHANGE BIOL","10.1111/gcb.14458","14","2.00","0.89"
"IVAN JS, 2018, ECOSPHERE","10.1002/ecs2.2369","14","2.00","0.89"
"BENOIT D, 2018, ECOL EVOL","10.1002/ece3.4023","14","2.00","0.89"
"NAGY-REIS MB, 2017, ANIM CONSERV","10.1111/acv.12346","14","1.75","0.81"
"RAPACCIUOLO G, 2017, BIODIVERS CONSERV","10.1007/s10531-017-1399-4","14","1.75","0.81"
"POPESCU VD, 2017, ECOL EVOL","10.1002/ece3.3177","14","1.75","0.81"
"MURPHY AJ, 2017, J MAMMAL","10.1093/jmammal/gyw168","14","1.75","0.81"
"JIMÉNEZ J, 2016, CONSERV BIOL","10.1111/cobi.12685","14","1.56","0.50"
"MCGRANN MC, 2016, ECOSPHERE","10.1002/ecs2.1419","14","1.56","0.50"
"LEE MB, 2015, J ARID ENVIRON","10.1016/j.jaridenv.2015.04.001","14","1.40","0.49"
"SHEA CP, 2015, RIVER RES APPL","10.1002/rra.2766","14","1.40","0.49"
"DELUCA WV, 2014, J WILDLIFE MANAGE","10.1002/jwmg.675","14","1.27","0.57"
"KROLL AJ, 2012, J WILDLIFE MANAGE","10.1002/jwmg.353","14","1.08","0.37"
"FURNAS BJ, 2022, DIVERS DISTRIB","10.1111/ddi.13374","13","4.33","5.77"
"ERICKSON KD, 2021, ECOGRAPHY","10.1111/ecog.05679","13","3.25","1.80"
"HOFMEESTER TR, 2021, ECOSPHERE","10.1002/ecs2.3662","13","3.25","1.80"
"FENG JW, 2021, DIVERS DISTRIB","10.1111/ddi.13237","13","3.25","1.80"
"DOBBINS M, 2020, J APPL ECOL","10.1111/1365-2664.13750","13","2.60","0.94"
"FIDINO M, 2020, WILDLIFE SOC B","10.1002/wsb.1122","13","2.60","0.94"
"KASS JM, 2020, BIOL INVASIONS","10.1007/s10530-020-02254-0","13","2.60","0.94"
"AKKAWI P, 2020, J MAMMAL","10.1093/jmammal/gyaa052","13","2.60","0.94"
"OBEROSLER V, 2020, ECOL EVOL","10.1002/ece3.6048","13","2.60","0.94"
"MEYER NFV, 2020, CONSERV BIOL","10.1111/cobi.13384","13","2.60","0.94"
"MAZZOTTI FJ, 2019, ECOL INDIC","10.1016/j.ecolind.2019.03.002","13","2.17","0.71"
"COSTA A, 2019, J WILDLIFE MANAGE","10.1002/jwmg.21621","13","2.17","0.71"
"PIÉDALLU B, 2019, ORYX","10.1017/S0030605317000321","13","2.17","0.71"
"CLARK AE, 2019, ECOL EVOL","10.1002/ece3.4850","13","2.17","0.71"
"BAILEY AM, 2017, J MAMMAL","10.1093/jmammal/gyx117","13","1.63","0.76"
"SATTERFIELD LC, 2017, AFR J WILDL RES","10.3957/056.047.0032","13","1.63","0.76"
"MOLLENHAUER R, 2017, N AM J FISH MANAGE","10.1080/02755947.2016.1254127","13","1.63","0.76"
"LITUMA CM, 2016, CONDOR","10.1650/CONDOR-16-73.1","13","1.44","0.47"
"SWALLOW B, 2016, BIOMETRICAL J","10.1002/bimj.201400081","13","1.44","0.47"
"GANTCHOFF MG, 2016, AUSTRAL ECOL","10.1111/aec.12303","13","1.44","0.47"
"HOMYACK JA, 2016, FOREST ECOL MANAG","10.1016/j.foreco.2015.11.037","13","1.44","0.47"
"PEELE AM, 2015, AUK","10.1642/AUK-14-282.1","13","1.30","0.45"
"VAN STRIEN AJ, 2015, MAMM BIOL","10.1016/j.mambio.2015.04.002","13","1.30","0.45"
"ZIELINSKI WJ, 2015, WILDLIFE BIOL","10.2981/wlb.00077","13","1.30","0.45"
"RAMESH T, 2014, MAMM BIOL","10.1016/j.mambio.2014.05.001","13","1.18","0.53"
"CERQUEIRA MC, 2013, DIVERS DISTRIB","10.1111/ddi.12033","13","1.08","0.34"
"GIOVANINI J, 2013, PLOS ONE","10.1371/journal.pone.0059900","13","1.08","0.34"
"LYONS JE, 2012, AUK","10.1525/auk.2012.11253","13","1.00","0.34"
"GIBSON LA, 2011, DIVERS DISTRIB","10.1111/j.1472-4642.2011.00766.x","13","0.93","0.19"
"THOGMARTIN WE, 2010, AVIAN CONSERV ECOL","NA","13","0.87","0.27"
"ROTH T, 2010, J APPL ECOL","10.1111/j.1365-2664.2010.01786.x","13","0.87","0.27"
"GÁMEZ S, 2021, ECOL APPL","10.1002/eap.2393","12","3.00","1.66"
"AMBURGEY SM, 2021, J ANIM ECOL","10.1111/1365-2656.13403","12","3.00","1.66"
"COSTA A, 2020, BIODIVERS CONSERV","10.1007/s10531-020-02006-5","12","2.40","0.87"
"LATIF QS, 2020, ECOL APPL","10.1002/eap.2142","12","2.40","0.87"
"FIGEL JJ, 2019, PLOS ONE","10.1371/journal.pone.0221705","12","2.00","0.66"
"RICH LN, 2019, DIVERS DISTRIB","10.1111/ddi.12952","12","2.00","0.66"
"JANOUSEK WM, 2019, FOREST ECOL MANAG","10.1016/j.foreco.2019.04.047","12","2.00","0.66"
"COLE JS, 2019, ECOSPHERE","10.1002/ecs2.2718","12","2.00","0.66"
"OCOCK JF, 2018, ENVIRON MANAGE","10.1007/s00267-017-0837-0","12","1.71","0.76"
"PEACH MA, 2017, J APPL ECOL","10.1111/1365-2664.12925","12","1.50","0.70"
"REID SM, 2017, J APPL ICHTHYOL","10.1111/jai.13463","12","1.50","0.70"
"HOSSACK BR, 2017, HYDROBIOLOGIA","10.1007/s10750-016-2979-0","12","1.50","0.70"
"TENAN S, 2016, ECOL MODEL","10.1016/j.ecolmodel.2016.02.006","12","1.33","0.43"
"IRIZARRY JI, 2016, DIVERS DISTRIB","10.1111/ddi.12415","12","1.33","0.43"
"WANG X, 2015, STAT SINICA","10.5705/ss.2013.212w","12","1.20","0.42"
"WALLS SC, 2014, WETL ECOL MANAG","10.1007/s11273-014-9356-4","12","1.09","0.49"
"WAGNER T, 2014, ECOSPHERE","10.1890/ES14-00288.1","12","1.09","0.49"
"JORGENSEN CF, 2014, PLOS ONE","10.1371/journal.pone.0099339","12","1.09","0.49"
"WALLS SC, 2014, WETLANDS","10.1007/s13157-013-0498-6","12","1.09","0.49"
"WHITE AM, 2013, FOREST ECOL MANAG","10.1016/j.foreco.2013.04.039","12","1.00","0.31"
"MORTELLITI A, 2013, BIODIVERS CONSERV","10.1007/s10531-012-0412-1","12","1.00","0.31"
"POST VAN DER BURG M, 2011, J APPL ECOL","10.1111/j.1365-2664.2010.01900.x","12","0.86","0.18"
"HAMER AJ, 2021, GLOB ECOL CONSERV","10.1016/j.gecco.2021.e01663","11","2.75","1.52"
"MADSEN EK, 2020, ECOL INDIC","10.1016/j.ecolind.2020.106737","11","2.20","0.80"
"WOOD CM, 2020, CONDOR","10.1093/condor/duz058","11","2.20","0.80"
"MILLS DR, 2019, ECOL EVOL","10.1002/ece3.5391","11","1.83","0.60"
"GUZY J, 2019, FOREST ECOL MANAG","10.1016/j.foreco.2018.10.006","11","1.83","0.60"
"GOMEZ MD, 2018, AUSTRAL ECOL","10.1111/aec.12625","11","1.57","0.70"
"HOLLERBACH L, 2018, MAMM BIOL","10.1016/j.mambio.2018.02.003","11","1.57","0.70"
"PAULI BP, 2017, J WILDLIFE MANAGE","10.1002/jwmg.21251","11","1.38","0.64"
"HOMYACK JA, 2014, FOREST ECOL MANAG","10.1016/j.foreco.2014.08.035","11","1.00","0.45"
"FISHER AC, 2014, BIOL INVASIONS","10.1007/s10530-014-0653-x","11","1.00","0.45"
"WADDLE JH, 2013, RESTOR ECOL","10.1111/j.1526-100X.2012.00881.x","11","0.92","0.29"
"VALLÈS H, 2009, MAR ECOL PROG SER","10.3354/meps07886","11","0.69","0.11"
"PENJOR U, 2022, P ROY SOC B-BIOL SCI","10.1098/rspb.2021.2681","10","3.33","4.44"
"GERVAIS A, 2021, INSECTS","10.3390/insects12050421","10","2.50","1.38"
"GAYNOR KM, 2021, ANIM CONSERV","10.1111/acv.12661","10","2.50","1.38"
"LAHKAR D, 2021, ANIM CONSERV","10.1111/acv.12662","10","2.50","1.38"
"HUANG G, 2020, ANIM CONSERV","10.1111/acv.12588","10","2.00","0.73"
"KING TW, 2020, J WILDLIFE MANAGE","10.1002/jwmg.21846","10","2.00","0.73"
"EASTER T, 2019, BIOL CONSERV","10.1016/j.biocon.2019.02.007","10","1.67","0.55"
"MAPHISA DH, 2019, PEERJ","10.7717/peerj.6276","10","1.67","0.55"
"RODHOUSE TJ, 2018, DIVERS DISTRIB","10.1111/ddi.12791","10","1.43","0.63"
"VEILLEUX MAN, 2018, AQUAT ECOSYST HEALTH","10.1080/14634988.2018.1507530","10","1.43","0.63"
"SMITH CD, 2015, J FISH WILDL MANAG","10.3996/022015-JFWM-011","10","1.00","0.35"
"DYBALA KE, 2015, CONDOR","10.1650/CONDOR-15-41.1","10","1.00","0.35"
"HOSTETTER NJ, 2015, CONDOR","10.1650/CONDOR-14-185.1","10","1.00","0.35"
"NG K, 2015, J PLANT ECOL","10.1093/jpe/rtu032","10","1.00","0.35"
"VALANKO S, 2015, J SEA RES","10.1016/j.seares.2014.09.001","10","1.00","0.35"
"LEWIS TL, 2015, J WILDLIFE MANAGE","10.1002/jwmg.837","10","1.00","0.35"
"ALEXANDER BW, 2014, WATERBIRDS","10.1675/063.037.0306","10","0.91","0.41"
"GRAVES TA, 2012, PLOS ONE","10.1371/journal.pone.0049410","10","0.77","0.26"
"RINEHART KA, 2009, J HERPETOL","10.1670/08-063R1.1","10","0.63","0.10"
"CABODEVILLA X, 2021, AGR ECOSYST ENVIRON","10.1016/j.agee.2021.107448","9","2.25","1.25"
"ZAMORA-MARÍN JM, 2021, HYDROBIOLOGIA","10.1007/s10750-021-04552-7","9","2.25","1.25"
"WILLIAMS KS, 2021, ORYX","10.1017/S0030605319000747","9","2.25","1.25"
"HARRIS SH, 2021, FOREST ECOL MANAG","10.1016/j.foreco.2020.118902","9","2.25","1.25"
"HUTTON JM, 2020, FRESHW SCI","10.1086/709688","9","1.80","0.65"
"STANTON RA, 2021, ANIM CONSERV","10.1111/acv.12620","9","2.25","1.25"
"MIRITIS V, 2020, WILDLIFE RES","10.1071/WR19202","9","1.80","0.65"
"TAYLOR SS, 2020, GLOBAL ECOL BIOGEOGR","10.1111/geb.13064","9","1.80","0.65"
"BÖTSCH Y, 2020, IBIS","10.1111/ibi.12802","9","1.80","0.65"
"STOLEN ED, 2019, ECOSPHERE","10.1002/ecs2.2893","9","1.50","0.49"
"GEYLE HM, 2019, AUSTRAL ECOL","10.1111/aec.12667","9","1.50","0.49"
"MAGEE PA, 2019, CONDOR","10.1093/condor/duy008","9","1.50","0.49"
"JIMÉNEZ-FRANCO MV, 2019, ECOL EVOL","10.1002/ece3.4829","9","1.50","0.49"
"DUCKWORTH GD, 2018, DIVERS DISTRIB","10.1111/ddi.12756","9","1.29","0.57"
"LUZA AL, 2018, PERSPECT ECOL CONSER","10.1016/j.pecon.2018.06.006","9","1.29","0.57"
"PEJCHAR L, 2018, DIVERS DISTRIB","10.1111/ddi.12723","9","1.29","0.57"
"HUNTSMAN BM, 2018, T AM FISH SOC","10.1002/tafs.10051","9","1.29","0.57"
"DECHNER A, 2018, PLOS ONE","10.1371/journal.pone.0195311","9","1.29","0.57"
"LOMAN ZG, 2018, J APPL ECOL","10.1111/1365-2664.13015","9","1.29","0.57"
"FISHER JT, 2016, PLOS ONE","10.1371/journal.pone.0161055","9","1.00","0.32"
"GIBSON-REINEMER DK, 2016, N AM J FISH MANAGE","10.1080/02755947.2016.1206642","9","1.00","0.32"
"HILL JM, 2014, CONSERV BIOL","10.1111/cobi.12210","9","0.82","0.37"
"LONGORIA MP, 2007, J WILDLIFE MANAGE","10.2193/2005-613","9","0.50","0.08"
"VALENTE JJ, 2022, BIOL CONSERV","10.1016/j.biocon.2022.109568","8","2.67","3.55"
"COLE JS, 2022, ORNITHOL APPL","10.1093/ornithapp/duac003","8","2.67","3.55"
"FALASCHI M, 2022, FRESHWATER BIOL","10.1111/fwb.13909","8","2.67","3.55"
"GONZÁLEZ TM, 2021, PERSPECT ECOL CONSER","10.1016/j.pecon.2021.03.005","8","2.00","1.11"
"BLAKEY RV, 2021, LANDSCAPE ECOL","10.1007/s10980-021-01204-y","8","2.00","1.11"
"PALACIO FX, 2020, AUK","10.1093/auk/ukaa057","8","1.60","0.58"
"VAN SCHALKWYK J, 2020, SCI REP-UK","10.1038/s41598-020-71724-1","8","1.60","0.58"
"WASEEM M, 2020, GLOB ECOL CONSERV","10.1016/j.gecco.2020.e01135","8","1.60","0.58"
"LATIF QS, 2020, FOREST ECOL MANAG","10.1016/j.foreco.2020.118043","8","1.60","0.58"
"HUA Y, 2020, ANN ZOOL FENN","10.5735/086.057.0106","8","1.60","0.58"
"COON CAC, 2020, WILDLIFE BIOL","10.2981/wlb.00540","8","1.60","0.58"
"ZÚÑIGA-VEGA JJ, 2019, ACTA OECOL","10.1016/j.actao.2019.103480","8","1.33","0.44"
"NAREFF GE, 2019, FOREST ECOL MANAG","10.1016/j.foreco.2019.05.062","8","1.33","0.44"
"SCROGGIE MP, 2018, J APPL ECOL","10.1111/1365-2664.13253","8","1.14","0.51"
"BELLIER E, 2018, J ANIM ECOL","10.1111/1365-2656.12826","8","1.14","0.51"
"VAN LANEN NJ, 2017, BIOL CONSERV","10.1016/j.biocon.2017.06.030","8","1.00","0.47"
"HILL JM, 2017, ECOSPHERE","10.1002/ecs2.1921","8","1.00","0.47"
"GOLDING JD, 2017, ECOL EVOL","10.1002/ece3.2946","8","1.00","0.47"
"DREITZ VJ, 2017, PEERJ","10.7717/peerj.2879","8","1.00","0.47"
"KENNEDY CM, 2017, ECOL APPL","10.1002/eap.1470","8","1.00","0.47"
"MILLER RA, 2016, AVIAN CONSERV ECOL","10.5751/ACE-00819-110103","8","0.89","0.29"
"KALIES EL, 2013, J WILDLIFE MANAGE","10.1002/jwmg.577","8","0.67","0.21"
"FUJISAKI I, 2012, ECOL INDIC","10.1016/j.ecolind.2012.05.011","8","0.62","0.21"
"STRAMPELLI P, 2022, CONSERV BIOL","10.1111/cobi.13943","7","2.33","3.11"
"SALVATORI M, 2022, ECOL APPL","10.1002/eap.2644","7","2.33","3.11"
"FERNANDEZ-LÓPEZ J, 2022, ECOGRAPHY","10.1111/ecog.06113","7","2.33","3.11"
"OJA EB, 2021, ECOL INDIC","10.1016/j.ecolind.2021.108123","7","1.75","0.97"
"VAN DER WEYDE LK, 2022, DIVERS DISTRIB","10.1111/ddi.13386","7","2.33","3.11"
"SALOM-PÉREZ R, 2021, PLOS ONE","10.1371/journal.pone.0249072","7","1.75","0.97"
"CREMONESI G, 2021, ANIMALS-BASEL","10.3390/ani11030880","7","1.75","0.97"
"BARATA IM, 2021, HERPETOL J","10.33256/hj31.1.19","7","1.75","0.97"
"LOUPPE V, 2021, J ZOOL","10.1111/jzo.12845","7","1.75","0.97"
"COOK RN, 2020, LANDSCAPE ECOL","10.1007/s10980-020-01123-4","7","1.40","0.51"
"MADSEN EK, 2020, ORYX","10.1017/S0030605318000297","7","1.40","0.51"
"LEE MB, 2019, BASIC APPL ECOL","10.1016/j.baae.2019.08.003","7","1.17","0.38"
"MANICA M, 2019, J APPL ECOL","10.1111/1365-2664.13454","7","1.17","0.38"
"BRODIE BS, 2019, ECOL INDIC","10.1016/j.ecolind.2019.01.038","7","1.17","0.38"
"HEGEL CGZ, 2019, BIOTA NEOTROP","10.1590/1676-0611-BN-2018-0719","7","1.17","0.38"
"WARD MP, 2018, CONDOR","10.1650/CONDOR-17-153.1","7","1.00","0.44"
"OKES NC, 2017, AQUAT CONSERV","10.1002/aqc.2738","7","0.88","0.41"
"DORAZIO RM, 2017, PLOS ONE","10.1371/journal.pone.0176966","7","0.88","0.41"
"MURDOCH JD, 2017, BIOL CONSERV","10.1016/j.biocon.2017.02.035","7","0.88","0.41"
"TWEDT DJ, 2017, FOREST ECOL MANAG","10.1016/j.foreco.2016.10.031","7","0.88","0.41"
"BANCILA RI, 2017, POPUL ECOL","10.1007/s10144-017-0575-4","7","0.88","0.41"
"JOHNSON BA, 2016, FOREST ECOL MANAG","10.1016/j.foreco.2016.03.004","7","0.78","0.25"
"RIVAS LF, 2015, PLOS ONE","10.1371/journal.pone.0127265","7","0.70","0.24"
"GÓMEZ-RODRÍGUEZ C, 2010, ANN ZOOL FENN","10.5735/086.047.0502","7","0.47","0.14"
"JHA A, 2022, ECOL MODEL","10.1016/j.ecolmodel.2022.110105","6","2.00","2.66"
"SAUER EL, 2022, URBAN ECOSYST","10.1007/s11252-022-01239-2","6","2.00","2.66"
"JI YQ, 2022, NAT COMMUN","10.1038/s41467-022-28778-8","6","2.00","2.66"
"PAUDEL RP, 2022, ECOL EVOL","10.1002/ece3.8699","6","2.00","2.66"
"CABODEVILLA X, 2022, AGR ECOSYST ENVIRON","10.1016/j.agee.2021.107701","6","2.00","2.66"
"BASILE M, 2021, BMC BIOL","10.1186/s12915-021-01136-8","6","1.50","0.83"
"FOGARTY FA, 2021, ECOL INDIC","10.1016/j.ecolind.2021.108170","6","1.50","0.83"
"KATAYAMA N, 2021, AGR ECOSYST ENVIRON","10.1016/j.agee.2021.107539","6","1.50","0.83"
"CARVALHO EAR, 2021, FOREST ECOL MANAG","10.1016/j.foreco.2021.119401","6","1.50","0.83"
"GUHARAJAN R, 2021, FOREST ECOL MANAG","10.1016/j.foreco.2021.119270","6","1.50","0.83"
"HAMER AJ, 2021, ECOL APPL","10.1002/eap.2293","6","1.50","0.83"
"ZAMORA-MARIN JM, 2021, SCI REP-UK","10.1038/s41598-021-81605-w","6","1.50","0.83"
"ASAD S, 2021, FOREST ECOL MANAG","10.1016/j.foreco.2021.118949","6","1.50","0.83"
"BLOMBERG EJ, 2020, AVIAN CONSERV ECOL","10.5751/ACE-01517-150109","6","1.20","0.44"
"MOSHER BA, 2019, ECOSPHERE","10.1002/ecs2.2935","6","1.00","0.33"
"FROEHLY JL, 2019, J WILDLIFE MANAGE","10.1002/jwmg.21587","6","1.00","0.33"
"LAMOTHE KA, 2019, ENDANGER SPECIES RES","10.3354/esr00982","6","1.00","0.33"
"WEDDERBURN SD, 2018, WETL ECOL MANAG","10.1007/s11273-018-9634-7","6","0.86","0.38"
"MONROE KD, 2017, HERPETOLOGICA","10.1655/Herpetologica-D-16-00089","6","0.75","0.35"
"AYLESWORTH L, 2017, ANIM CONSERV","10.1111/acv.12332","6","0.75","0.35"
"FERREIRA GB, 2017, BIOTROPICA","10.1111/btp.12450","6","0.75","0.35"
"LEU M, 2017, J FIELD ORNITHOL","10.1111/jofo.12183","6","0.75","0.35"
"FLEISHMAN E, 2017, DIVERS DISTRIB","10.1111/ddi.12504","6","0.75","0.35"
"PANDOLFO TJ, 2016, FRESHWATER BIOL","10.1111/fwb.12807","6","0.67","0.22"
"KARENYI N, 2016, DIVERS DISTRIB","10.1111/ddi.12441","6","0.67","0.22"
"LOGAN MK, 2016, J WILDLIFE MANAGE","10.1002/jwmg.1011","6","0.67","0.22"
"BAUMGARDT JA, 2014, J FISH WILDL MANAG","10.3996/042013-JFWM-031","6","0.55","0.24"
"STOLEN ED, 2014, J FISH WILDL MANAG","10.3996/032014-JFWM-025","6","0.55","0.24"
"SPEZIA L, 2014, COMPUT STAT DATA AN","10.1016/j.csda.2013.09.017","6","0.55","0.24"
"JIMÉNEZ J, 2022, ECOL EVOL","10.1002/ece3.9250","5","1.67","2.22"
"GOLDSTEIN BR, 2022, SCI REP-UK","10.1038/s41598-022-16368-z","5","1.67","2.22"
"HOSSACK BR, 2022, GLOB ECOL CONSERV","10.1016/j.gecco.2022.e02078","5","1.67","2.22"
"PARSONS AW, 2022, ECOSPHERE","10.1002/ecs2.3993","5","1.67","2.22"
"PILLAY R, 2022, CONSERV BIOL","10.1111/cobi.13832","5","1.67","2.22"
"DUCHAC LS, 2021, ECOSPHERE","10.1002/ecs2.3770","5","1.25","0.69"
"FOWLER NL, 2021, ECOLOGY","10.1002/ecy.3494","5","1.25","0.69"
"FRANKLIN MJM, 2021, FOREST ECOL MANAG","10.1016/j.foreco.2021.119484","5","1.25","0.69"
"WRIGHT WJ, 2021, ECOL EVOL","10.1002/ece3.7629","5","1.25","0.69"
"CRUICKSHANK SS, 2021, ECOL APPL","10.1002/eap.2357","5","1.25","0.69"
"ODONJAVKHLAN C, 2021, J ZOOL","10.1111/jzo.12889","5","1.25","0.69"
"ABRAMS JF, 2021, ECOGRAPHY","10.1111/ecog.05577","5","1.25","0.69"
"RAHMAN HA, 2021, GLOB ECOL CONSERV","10.1016/j.gecco.2020.e01385","5","1.25","0.69"
"MOURGUIART B, 2021, ECOL ENTOMOL","10.1111/een.12991","5","1.25","0.69"
"THAPA K, 2020, PLOS ONE","10.1371/journal.pone.0243450","5","1.00","0.36"
"LELE A, 2020, ECOL EVOL","10.1002/ece3.6500","5","1.00","0.36"
"BRUSA JL, 2020, POPUL ECOL","10.1002/1438-390X.12036","5","1.00","0.36"
"DHANJAL-ADAMS KL, 2019, DIVERS DISTRIB","10.1111/ddi.12884","5","0.83","0.27"
"HOLLAND AM, 2019, ECOSPHERE","10.1002/ecs2.2614","5","0.83","0.27"
"SHEA CP, 2019, WILDLIFE RES","10.1071/WR18058","5","0.83","0.27"
"PEREIRA-RIBEIRO J, 2019, WILDLIFE RES","10.1071/WR19019","5","0.83","0.27"
"OLSON LE, 2017, PLOS ONE","10.1371/journal.pone.0177165","5","0.63","0.29"
"GUSTAFSON KD, 2016, HERPETOLOGICA","10.1655/Herpetologica-D-16-00003.1","5","0.56","0.18"
"LYET A, 2016, AFR J WILDL RES","10.3957/056.046.0071","5","0.56","0.18"
"VINDSTAD OPL, 2015, EUR J FOREST RES","10.1007/s10342-015-0886-y","5","0.50","0.17"
"WELLS K, 2012, ANIM CONSERV","10.1111/j.1469-1795.2012.00560.x","5","0.38","0.13"
"ARES-PEREIRA G, 2022, AGR ECOSYST ENVIRON","10.1016/j.agee.2022.108174","4","1.33","1.77"
"SYTSMA MLT, 2022, PEOPLE NAT","10.1002/pan3.10402","4","1.33","1.77"
"ALLEN ML, 2022, GLOB ECOL CONSERV","10.1016/j.gecco.2022.e02300","4","1.33","1.77"
"MORIN DJ, 2022, ECOL EVOL","10.1002/ece3.9074","4","1.33","1.77"
"OMEYER LCM, 2022, FRONT MAR SCI","10.3389/fmars.2022.817014","4","1.33","1.77"
"BOHNETT E, 2022, BIODIVERS CONSERV","10.1007/s10531-022-02423-8","4","1.33","1.77"
"BARAO-NÓBREGA JAL, 2022, PEERJ","10.7717/peerj.12906","4","1.33","1.77"
"JORGE MH, 2022, LANDSCAPE ECOL","10.1007/s10980-022-01399-8","4","1.33","1.77"
"PENJOR U, 2022, J APPL ECOL","10.1111/1365-2664.14101","4","1.33","1.77"
"ARIAS LNC, 2022, ECOL APPL","10.1002/eap.2481","4","1.33","1.77"
"MARTÍNEZ JZI, 2022, ECOL APPL","10.1002/eap.2482","4","1.33","1.77"
"CLIPP HL, 2021, ECOLOGY","10.1002/ecy.3520","4","1.00","0.55"
"KHARA A, 2021, EUR J WILDLIFE RES","10.1007/s10344-021-01492-4","4","1.00","0.55"
"SMITH GD, 2021, N AM J FISH MANAGE","10.1002/nafm.10628","4","1.00","0.55"
"HOCKING DJ, 2021, ECOL EVOL","10.1002/ece3.7142","4","1.00","0.55"
"JONES GM, 2020, FOREST ECOL MANAG","10.1016/j.foreco.2020.118493","4","0.80","0.29"
"BAJARU S, 2020, PLOS ONE","10.1371/journal.pone.0240989","4","0.80","0.29"
"JANOUSEK WM, 2020, DIVERS DISTRIB","10.1111/ddi.13164","4","0.80","0.29"
"LIMA KA, 2020, CONDOR","10.1093/condor/duaa016","4","0.80","0.29"
"VU TT, 2020, AM J PRIMATOL","10.1002/ajp.23171","4","0.80","0.29"
"OLIVER K, 2020, WILDLIFE RES","10.1071/WR19012","4","0.80","0.29"
"FRANKLIN MJM, 2020, AVIAN CONSERV ECOL","10.5751/ACE-01521-150108","4","0.80","0.29"
"GEHRING TM, 2020, J GREAT LAKES RES","10.1016/j.jglr.2019.12.013","4","0.80","0.29"
"BLANCO CM, 2020, FOREST ECOL MANAG","10.1016/j.foreco.2020.117890","4","0.80","0.29"
"SCHUMANN DA, 2020, N AM J FISH MANAGE","10.1002/nafm.10402","4","0.80","0.29"
"GOERTLER PAL, 2020, J FISH BIOL","10.1111/jfb.14143","4","0.80","0.29"
"PEQUENO PACL, 2020, BIOTROPICA","10.1111/btp.12731","4","0.80","0.29"
"CROVETTO F, 2019, ACTA HERPETOL","10.13128/a_h-7754","4","0.67","0.22"
"BAJARU SB, 2019, MAMM BIOL","10.1016/j.mambio.2019.10.003","4","0.67","0.22"
"CUMMING GS, 2019, AFR ZOOL","10.1080/15627020.2019.1658540","4","0.67","0.22"
"MOORE JF, 2019, ANIM CONSERV","10.1111/acv.12491","4","0.67","0.22"
"HOLLAND AM, 2019, J WILDLIFE MANAGE","10.1002/jwmg.21745","4","0.67","0.22"
"BREININGER DR, 2019, ECOSPHERE","10.1002/ecs2.2824","4","0.67","0.22"
"TEETS KD, 2019, ACTA CHIROPTEROL","10.3161/15081109ACC2019.21.1.017","4","0.67","0.22"
"KWON E, 2018, J APPL ECOL","10.1111/1365-2664.13243","4","0.57","0.25"
"CROSBY AD, 2018, J WILDLIFE MANAGE","10.1002/jwmg.21466","4","0.57","0.25"
"WILSON TL, 2018, ECOL EVOL","10.1002/ece3.4259","4","0.57","0.25"
"RAY JC, 2018, J BIOGEOGR","10.1111/jbi.13240","4","0.57","0.25"
"AMUNDSON CL, 2018, J FISH WILDL MANAG","10.3996/062017-JFWM-050","4","0.57","0.25"
"BURKHALTER C, 2018, ANIM CONSERV","10.1111/acv.12382","4","0.57","0.25"
"CRAMPTON LH, 2017, BIODIVERS CONSERV","10.1007/s10531-017-1313-0","4","0.50","0.23"
"BELANT JL, 2017, WILDLIFE BIOL","10.2981/wlb.00287","4","0.50","0.23"
"CASHINS SD, 2015, WILDLIFE RES","10.1071/WR14183","4","0.40","0.14"
"DAIL D, 2013, BIOMETRICS","10.1111/j.1541-0420.2012.01796.x","4","0.33","0.10"
"AMIR Z, 2022, ECOL EVOL","10.1002/ece3.9627","3","1.00","1.33"
"ROMANO A, 2022, LANDSCAPE ECOL","10.1007/s10980-022-01517-6","3","1.00","1.33"
"GRABOW M, 2022, FRONT ECOL EVOL","10.3389/fevo.2022.881247","3","1.00","1.33"
"HUBBARD T, 2022, BIODIVERS CONSERV","10.1007/s10531-022-02445-2","3","1.00","1.33"
"BARNICK KA, 2022, CONSERV SCI PRACT","10.1111/csp2.12708","3","1.00","1.33"
"LEE MB, 2022, FRONT ECOL EVOL","10.3389/fevo.2022.859199","3","1.00","1.33"
"SHARIEF A, 2022, WILDLIFE BIOL","10.1002/wlb3.01013","3","1.00","1.33"
"BEDOYA-DURÁN MJ, 2021, GLOB ECOL CONSERV","10.1016/j.gecco.2021.e01921","3","0.75","0.42"
"DUARTE A, 2021, ECOL EVOL","10.1002/ece3.8292","3","0.75","0.42"
"KHOO MDY, 2021, GLOB ECOL CONSERV","10.1016/j.gecco.2021.e01807","3","0.75","0.42"
"CROOSE E, 2022, MAMMAL RES","10.1007/s13364-021-00598-z","3","1.00","1.33"
"CHRISTENSEN SA, 2021, ECOSPHERE","10.1002/ecs2.3725","3","0.75","0.42"
"SILVA TL, 2021, ECOL MODEL","10.1016/j.ecolmodel.2021.109662","3","0.75","0.42"
"BYERLY PA, 2020, RESTOR ECOL","10.1111/rec.13222","3","0.60","0.22"
"WILSON EC, 2020, BIOL CONSERV","10.1016/j.biocon.2020.108731","3","0.60","0.22"
"COHEN MM, 2020, ECOL APPL","10.1002/eap.2088","3","0.60","0.22"
"WILLIAMS LA, 2020, HERPETOL CONSERV BIO","NA","3","0.60","0.22"
"BEASLEY EM, 2019, J MAMMAL","10.1093/jmammal/gyz102","3","0.50","0.16"
"BAUMGARDT JA, 2019, J FISH WILDL MANAG","10.3996/042019-JFWM-027","3","0.50","0.16"
"ROBERTS AJ, 2020, J WILDLIFE MANAGE","10.1002/jwmg.21775","3","0.60","0.22"
"JOHNSON AEM, 2019, J WILDLIFE MANAGE","10.1002/jwmg.21730","3","0.50","0.16"
"MANGAN AO, 2019, CONDOR","10.1093/condor/duz031","3","0.50","0.16"
"BUZZARD PJ, 2018, MAMMALIA","10.1515/mammalia-2017-0019","3","0.43","0.19"
"WHEELER K, 2018, BIOL CONSERV","10.1016/j.biocon.2018.04.023","3","0.43","0.19"
"MORAL RA, 2018, J AGR BIOL ENVIR ST","10.1007/s13253-017-0316-3","3","0.43","0.19"
"ELLINGTON EH, 2017, J FISH WILDL MANAG","10.3996/012016-JFWM-006","3","0.38","0.17"
"LESTON LFV, 2017, AVIAN CONSERV ECOL","10.5751/ACE-01049-120204","3","0.38","0.17"
"WOOD EM, 2017, J FIELD ORNITHOL","10.1111/jofo.12220","3","0.38","0.17"
"BUSH CL, 2017, COPEIA","10.1643/CH-17-579","3","0.38","0.17"
"LEASURE DR, 2017, INSECT CONSERV DIVER","10.1111/icad.12233","3","0.38","0.17"
"LAMB JY, 2017, J HERPETOL","10.1670/16-050","3","0.38","0.17"
"KAWAMURA K, 2016, ORNITHOL SCI","NA","3","0.33","0.11"
"POTOKA KM, 2016, T AM FISH SOC","10.1080/00028487.2016.1201002","3","0.33","0.11"
"BLED F, 2015, PLOS ONE","10.1371/journal.pone.0143347","3","0.30","0.10"
"PROWSE TAA, 2015, MAR FRESHWATER RES","10.1071/MF14081","3","0.30","0.10"
"FALCY MR, 2014, BIOL CONSERV","10.1016/j.biocon.2014.07.010","3","0.27","0.12"
"SCHMIDT JH, 2011, WILDLIFE BIOL","10.2981/11-003","3","0.21","0.04"
"HERRERA DJ, 2022, FRONT ECOL EVOL","10.3389/fevo.2022.1048585","2","0.67","0.89"
"BEISSINGER SR, 2022, ECOL LETT","10.1111/ele.14111","2","0.67","0.89"
"SIFFERT O, 2022, DIVERSITY-BASEL","10.3390/d14100834","2","0.67","0.89"
"SOCOLAR JB, 2022, ECOL EVOL","10.1002/ece3.9328","2","0.67","0.89"
"YADAV RK, 2022, ECOL EVOL","10.1002/ece3.9425","2","0.67","0.89"
"CHADWICK A, 2022, ESTUAR COAST SHELF S","10.1016/j.ecss.2022.108025","2","0.67","0.89"
"WOOSTER EIF, 2022, OIKOS","10.1111/oik.09059","2","0.67","0.89"
"WEISKOPF SR, 2022, DIVERS DISTRIB","10.1111/ddi.13620","2","0.67","0.89"
"SUN P, 2022, MAMM BIOL","10.1007/s42991-022-00289-5","2","0.67","0.89"
"CARDADOR L, 2022, DIVERS DISTRIB","10.1111/ddi.13591","2","0.67","0.89"
"SEMPER-PASCUAL A, 2022, P ROY SOC B-BIOL SCI","10.1098/rspb.2022.0457","2","0.67","0.89"
"DENOËL M, 2022, BIOL INVASIONS","10.1007/s10530-022-02849-9","2","0.67","0.89"
"BROEKHUIS F, 2022, DIVERS DISTRIB","10.1111/ddi.13554","2","0.67","0.89"
"THOMPSON FR, 2022, J WILDLIFE MANAGE","10.1002/jwmg.22170","2","0.67","0.89"
"ASAD S, 2022, J TROP ECOL","10.1017/S0266467421000468","2","0.67","0.89"
"RIECKE TV, 2021, ECOL EVOL","10.1002/ece3.8410","2","0.50","0.28"
"CREMONESI G, 2022, ANIM CONSERV","10.1111/acv.12759","2","0.67","0.89"
"ROY C, 2022, WILDLIFE BIOL","10.1002/wlb3.01003","2","0.67","0.89"
"NEUBAUER G, 2022, ORNITHOL APPL","10.1093/ornithapp/duab054","2","0.67","0.89"
"HAMER AJ, 2022, HYDROBIOLOGIA","10.1007/s10750-021-04716-5","2","0.67","0.89"
"CORRAL L, 2022, LANDSCAPE ECOL","10.1007/s10980-021-01350-3","2","0.67","0.89"
"CURRAS MR, 2021, BEHAV ECOL","10.1093/beheco/arab104","2","0.50","0.28"
"CONTRERAS F, 2022, SCI TOTAL ENVIRON","10.1016/j.scitotenv.2021.150301","2","0.67","0.89"
"HAMER AJ, 2022, URBAN ECOSYST","10.1007/s11252-021-01162-y","2","0.67","0.89"
"PACHOMSKI A, 2021, DIVERSITY-BASEL","10.3390/d13020099","2","0.50","0.28"
"MOREIRA-ARCE D, 2021, LANDSCAPE ECOL","10.1007/s10980-020-01171-w","2","0.50","0.28"
"BOHNETT ET, 2021, J WILDLIFE BIODIVERS","10.22120/jwb.2021.139653.1198","2","0.50","0.28"
"HANNON DR, 2021, FOREST ECOL MANAG","10.1016/j.foreco.2020.118546","2","0.50","0.28"
"HILEMAN ET, 2020, GLOB ECOL CONSERV","10.1016/j.gecco.2020.e00984","2","0.40","0.15"
"STEVENS BS, 2020, ECOSPHERE","10.1002/ecs2.3131","2","0.40","0.15"
"NORDÉN J, 2020, ECOL EVOL","10.1002/ece3.6124","2","0.40","0.15"
"RAMÍREZ-CRUZ GA, 2020, URBAN ECOSYST","10.1007/s11252-019-00922-1","2","0.40","0.15"
"NAVEDA-RODRÍGUEZ A, 2020, WILDLIFE RES","10.1071/WR19135","2","0.40","0.15"
"PANGAU-ADAM MZ, 2019, J ASIA-PAC BIODIVERS","10.1016/j.japb.2019.07.005","2","0.33","0.11"
"SERAFINI VN, 2019, OECOLOGIA","10.1007/s00442-019-04545-3","2","0.33","0.11"
"CASSEL KW, 2019, HERPETOL CONSERV BIO","NA","2","0.33","0.11"
"RIVERA-MILÁN FF, 2019, ENDANGER SPECIES RES","10.3354/esr00996","2","0.33","0.11"
"WONG ST, 2018, MAMM BIOL","10.1016/j.mambio.2017.11.010","2","0.29","0.13"
"DEEPAK V, 2015, ORYX","10.1017/S0030605313001166","2","0.20","0.07"
"GOVINDAN BN, 2015, CAN J ZOOL","10.1139/cjz-2014-0130","2","0.20","0.07"
"LATIF QS, 2012, WILDLIFE SOC B","10.1002/wsb.97","2","0.15","0.05"
"BLED F, 2011, BIODIVERS CONSERV","10.1007/s10531-011-0023-2","2","0.14","0.03"
"THAPA K, 2022, ECOL EVOL","10.1002/ece3.9600","1","0.33","0.44"
"VAN MIERLO VA, 2022, FRESHW SCI","10.1086/722576","1","0.33","0.44"
"SANDERCOCK BK, 2023, BIOL INVASIONS","10.1007/s10530-022-02957-6","1","0.50","1.50"
"HOLMES V, 2022, BMC ECOL EVOL","10.1186/s12862-022-02073-y","1","0.33","0.44"
"OROPEZA-SÁNCHEZ MT, 2022, ECOL PROCESS","10.1186/s13717-022-00408-7","1","0.33","0.44"
"BARIK S, 2022, ECOL INFORM","10.1016/j.ecoinf.2022.101833","1","0.33","0.44"
"CLOYED CS, 2022, MAR ECOL PROG SER","10.3354/meps14116","1","0.33","0.44"
"MILLER RA, 2022, J RAPTOR RES","10.3356/JRR-21-19","1","0.33","0.44"
"RAHLIN AA, 2022, ECOSPHERE","10.1002/ecs2.4232","1","0.33","0.44"
"EYSTER HN, 2022, ECOGRAPHY","10.1111/ecog.06240","1","0.33","0.44"
"ROSE JP, 2023, WILDLIFE RES","10.1071/WR22029","1","0.50","1.50"
"FARR MT, 2022, CONSERV BIOL","10.1111/cobi.13934","1","0.33","0.44"
"ANDRADE-PONCE GP, 2022, J ZOOL","10.1111/jzo.13002","1","0.33","0.44"
"FALASCHI M, 2022, ANIMALS-BASEL","10.3390/ani12162085","1","0.33","0.44"
"DRAKE J, 2022, J ANIM ECOL","10.1111/1365-2656.13783","1","0.33","0.44"
"GOULD PR, 2022, J WILDLIFE MANAGE","10.1002/jwmg.22282","1","0.33","0.44"
"PARDO JM, 2022, BIOL CONSERV","10.1016/j.biocon.2022.109600","1","0.33","0.44"
"DYCK MA, 2022, ECOL EVOL","10.1002/ece3.8921","1","0.33","0.44"
"LATIF QS, 2022, ECOL APPL","10.1002/eap.2555","1","0.33","0.44"
"CONTRERAS-DÍAZ RG, 2022, J MAMMAL","10.1093/jmammal/gyab152","1","0.33","0.44"
"WEBB EB, 2022, J WILDLIFE MANAGE","10.1002/jwmg.22205","1","0.33","0.44"
"VAN DEN BURG MP, 2022, BIOTROPICA","10.1111/btp.13087","1","0.33","0.44"
"HUNTSMAN BM, 2022, CAN J FISH AQUAT SCI","10.1139/cjfas-2021-0210","1","0.33","0.44"
"VALLECILLO D, 2022, PLOS ONE","10.1371/journal.pone.0265730","1","0.33","0.44"
"VAN DER WEYDE LK, 2022, WILDLIFE RES","10.1071/WR21048","1","0.33","0.44"
"MANCHL SS, 2021, J RAPTOR RES","10.3356/JRR-20-73","1","0.25","0.14"
"FARRIS SC, 2021, ECOL INDIC","10.1016/j.ecolind.2021.108406","1","0.25","0.14"
"KUPFERMAN CA, 2021, ECOSPHERE","10.1002/ecs2.3827","1","0.25","0.14"
"ORIOLI V, 2021, WETLANDS","10.1007/s13157-021-01483-w","1","0.25","0.14"
"MALHOTRA R, 2021, DIVERS DISTRIB","10.1111/ddi.13391","1","0.25","0.14"
"DUARTE A, 2021, HERPETOL CONSERV BIO","NA","1","0.25","0.14"
"BALAGUERA-REINA SA, 2021, ECOSPHERE","10.1002/ecs2.3532","1","0.25","0.14"
"WOODGATE Z, 2021, ENDANGER SPECIES RES","10.3354/esr01106","1","0.25","0.14"
"WALLACE R, 2020, TROP CONSERV SCI","10.1177/1940082920966470","1","0.20","0.07"
"ORTEGA-ALVAREZ R, 2021, J ORNITHOL","10.1007/s10336-020-01820-6","1","0.25","0.14"
"GARCÍA-DÍAZ P, 2020, ENVIRON CONSERV","10.1017/S0376892920000132","1","0.20","0.07"
"GARCÍA K, 2020, MAMMAL RES","10.1007/s13364-020-00483-1","1","0.20","0.07"
"TOWNSEND SE, 2020, CALIF FISH GAME","NA","1","0.20","0.07"
"WILKINS LGE, 2019, ECOSPHERE","10.1002/ecs2.2951","1","0.17","0.05"
"ALVES F, 2019, AUSTRAL ECOL","10.1111/aec.12817","1","0.17","0.05"
"RYAN GE, 2019, CONSERV BIOL","10.1111/cobi.13261","1","0.17","0.05"
"WOMACK-BULLINER KM, 2018, ACTA CHIROPTEROL","10.3161/15081109ACC2018.20.2.016","1","0.14","0.06"
"YIRKA LM, 2018, J FISH WILDL MANAG","10.3996/112017-JFWM-089","1","0.14","0.06"
"ZOBELL VM, 2017, PEERJ","10.7717/peed.3761","1","0.13","0.06"
"NEUBAUER G, 2013, ORNIS FENNICA","NA","1","0.08","0.03"
"RAMESH V, 2022, ECOGRAPHY","10.1111/ecog.06075","1","0.33","0.44"
"MCALPINE-BELLIS E, 2022, J FRESHWATER ECOL","10.1080/02705060.2022.2118181","0","0.00","0.00"
"MOWRY S, 2023, URBAN ECOSYST","10.1007/s11252-022-01318-4","0","0.00","0.00"
"DRI GF, 2022, BIOL CONSERV","10.1016/j.biocon.2022.109793","0","0.00","0.00"
"ANTONELLI CR, 2022, LANDSCAPE URBAN PLAN","10.1016/j.lurbplan.2022.104542","0","0.00","0.00"
"GU BJ, 2022, BIOL CONSERV","10.1016/j.biocon.2022.109772","0","0.00","0.00"
"DERTIEN JS, 2022, GLOB ECOL CONSERV","10.1016/j.gecco.2022.e02200","0","0.00","0.00"
"PARREN MK, 2022, ECOSPHERE","10.1002/ecs2.4258","0","0.00","0.00"
"BARATA IM, 2022, ORYX","10.1017/S0030605321001034","0","0.00","0.00"
"DA COSTA CF, 2022, FRONT ECOL EVOL","10.3389/fevo.2022.937139","0","0.00","0.00"
"BERSACOLA E, 2022, LANDSCAPE ECOL","10.1007/s10980-022-01524-7","0","0.00","0.00"
"BARIBEAU A, 2022, WILDLIFE BIOL","10.1002/wlb3.01049","0","0.00","0.00"
"MIMNAGH N, 2022, ENVIRON ECOL STAT","10.1007/s10651-022-00542-7","0","0.00","0.00"
"WONG ST, 2022, ECOL EVOL","10.1002/ece3.9337","0","0.00","0.00"
"HEWITT MO, 2022, J WILDLIFE MANAGE","10.1002/jwmg.22303","0","0.00","0.00"
"GURNEY KEB, 2022, FRESHWATER BIOL","10.1111/fwb.13978","0","0.00","0.00"
"FOSTER NJ, 2022, LANDSCAPE ECOL","10.1007/s10980-022-01496-8","0","0.00","0.00"
"MORI E, 2022, URBAN ECOSYST","10.1007/s11252-022-01264-1","0","0.00","0.00"
"COOK JD, 2022, J WILDLIFE MANAGE","10.1002/jwmg.22296","0","0.00","0.00"
"FOGARTY FA, 2022, ECOL APPL","10.1002/eap.2698","0","0.00","0.00"
"CURVEIRA-SANTOS G, 2022, ECOL EVOL","10.1002/ece3.9239","0","0.00","0.00"
"RURIK AJ, 2022, DIVERSITY-BASEL","10.3390/d14080655","0","0.00","0.00"
"MAHAJAN P, 2022, FRONT ECOL EVOL","10.3389/fevo.2022.855084","0","0.00","0.00"
"STEVENS BS, 2022, GLOB ECOL CONSERV","10.1016/j.gecco.2022.e02222","0","0.00","0.00"
"MOLLENHAUER R, 2022, DIVERS DISTRIB","10.1111/ddi.13595","0","0.00","0.00"
"DE OLIVEIRA AD, 2022, AUSTRAL ECOL","10.1111/aec.13216","0","0.00","0.00"
"RODGER AW, 2022, FISHERIES MANAG ECOL","10.1111/fme.12580","0","0.00","0.00"
"STIEN J, 2022, ECOL SOLUT EVID","10.1002/2688-8319.12170","0","0.00","0.00"
"PATTON PT, 2022, BIOL INVASIONS","10.1007/s10530-022-02825-3","0","0.00","0.00"
"RAMSEY DSL, 2022, J WILDLIFE MANAGE","10.1002/jwmg.22252","0","0.00","0.00"
"KACHEL S, 2022, BIOL CONSERV","10.1016/j.biocon.2022.109588","0","0.00","0.00"
"CHARBONNEL A, 2022, BIOL CONSERV","10.1016/j.biocon.2022.109567","0","0.00","0.00"
"LAMOTHE KA, 2022, ECOL FRESHW FISH","10.1111/eff.12652","0","0.00","0.00"
"AUSBAND DE, 2022, J MAMMAL","10.1093/jmammal/gyab166","0","0.00","0.00"
"PADILLA BJ, 2022, LANDSCAPE ECOL","10.1007/s10980-022-01422-y","0","0.00","0.00"
"METTLER AJ, 2022, J APPL ICHTHYOL","10.1111/jai.14302","0","0.00","0.00"
"ALDRIDGE CA, 2021, HERPETOL CONSERV BIO","NA","0","0.00","0.00"
"OLIVEIRA JCF, 2021, S AM J HERPETOL","10.2994/SAJH-D-19-00122.1","0","0.00","0.00"
"NUNES LA, 2021, ECOL EVOL","10.1002/ece3.8270","0","0.00","0.00"
"DE SOUZA DA, 2021, PERSPECT ECOL CONSER","10.1016/j.pecon.2021.03.009","0","0.00","0.00"
"PICARD APD, 2021, RESTOR ECOL","10.1111/rec.13384","0","0.00","0.00"
"LAMBERT JP, 2020, J ARID ENVIRON","10.1016/j.jaridenv.2020.104263","0","0.00","0.00"
"PEREIRA-RIBEIRO J, 2020, HERPETOL CONSERV BIO","NA","0","0.00","0.00"
"LEE MB, 2020, INTEGR ZOOL","10.1111/1749-4877.12442","0","0.00","0.00"
"VON FELTEN S, 2020, BIODIVERS CONSERV","10.1007/s10531-020-01949-z","0","0.00","0.00"
"TOLLIVER JDM, 2018, CALIF FISH GAME","NA","0","0.00","0.00"
"WESCHE SL, 2018, WILDLIFE SOC B","10.1002/wsb.863","0","0.00","0.00"
"GOLDINGAY RL, 2018, AUST J ZOOL","10.1071/ZO18079","0","0.00","0.00"